StartDate,EndDate,Status,Progress,Duration,Finished,RecordedDate,UserLanguage,COM_1,CRT_1_raw,CRT_1,CRT_2_raw,CRT_2,CRT_3_raw,CRT_3,CRT_4_raw,CRT_4,CRT_5_raw,CRT_5,MDA_1,MDA_2,MDB_1,MDB_2,MDC_1,MDC_2,ATT_1,DQ_1,DQ_2a,DQ_2b,DQ_3,DQ_4a,DQ_4b,DQ_5,DQ_6_CRT,DQ_6_dilemma,SC0,FL_17_DO_raw,FL_17_DO,FL_18_DO
Start Date,End Date,Response Type,Progress,Duration (in seconds),Finished,Recorded Date,User Language,Do you commit to providing thoughtful answers to the questions in this survey?,How many of each animal did Moses put on the Ark? _____ animals.,How many of each animal did Moses put on the Ark? _____ animals.,"If it takes 10 programmers 10 minutes to make 10 improvements, how long would it take 50 programmers to make 50 improvements? _____ minutes","If it takes 10 programmers 10 minutes to make 10 improvements, how long would it take 50 programmers to make 50 improvements? _____ minutes",How many months have 28 days? ____ months.,How many months have 28 days? ____ months.,A farmer had 15 sheep and all but 8 died. How many are left? _____ sheep.,A farmer had 15 sheep and all but 8 died. How many are left? _____ sheep.,"There is a grasshopper crossing a road. With every jump, the distance the grasshopper jumps doubles. If it takes 26 jumps for the grasshopper to cross the entire road, how many jumps would it take for the grasshopper to make it halfway across? _____ jumps.","There is a grasshopper crossing a road. With every jump, the distance the grasshopper jumps doubles. If it takes 26 jumps for the grasshopper to cross the entire road, how many jumps would it take for the grasshopper to make it halfway across? _____ jumps.",Should the captain kill the injured crewman?,How acceptable is it for the captain to kill the crewman? - 6,Should Jane smother her child to death?,How acceptable is it for Jane to smother her child to death? - 1,Should Jane push the lone workman off the bridge?,How acceptable is it for Jane to push the lone workman off the bridge? - 1,"This is a simple question. You do not need to have strong opinions about farms or animals to answer. When asked for your favorite farm animal, please select goat.

What is your favorite farm animal?",Age,Gender - Selected Choice,Gender - Other - Text,Annual income,Ethnicity - Selected Choice,Ethnicity - Other - Text,Highest Level of Education Completed,How familiar are you with numerical questions in this survey? - 1,How familiar are you with moral dilemmas in this survey? - 1,Score,FL_17 - Block Randomizer - Display Order,FL_17 - Block Randomizer - Display Order,FL_18 - Block Randomizer - Display Order
"{""ImportId"":""startDate"",""timeZone"":""America/Denver""}","{""ImportId"":""endDate"",""timeZone"":""America/Denver""}","{""ImportId"":""status""}","{""ImportId"":""progress""}","{""ImportId"":""duration""}","{""ImportId"":""finished""}","{""ImportId"":""recordedDate"",""timeZone"":""America/Denver""}","{""ImportId"":""userLanguage""}","{""ImportId"":""QID20""}","{""ImportId"":""QID28_TEXT""}",,"{""ImportId"":""QID1_TEXT""}",,"{""ImportId"":""QID2_TEXT""}",,"{""ImportId"":""QID4_TEXT""}",,"{""ImportId"":""QID3_TEXT""}",,"{""ImportId"":""QID7""}","{""ImportId"":""QID8_6""}","{""ImportId"":""QID11""}","{""ImportId"":""QID13_1""}","{""ImportId"":""QID15""}","{""ImportId"":""QID16_1""}","{""ImportId"":""QID30""}","{""ImportId"":""QID21_TEXT""}","{""ImportId"":""QID22""}","{""ImportId"":""QID22_3_TEXT""}","{""ImportId"":""QID23""}","{""ImportId"":""QID24""}","{""ImportId"":""QID24_6_TEXT""}","{""ImportId"":""QID25""}","{""ImportId"":""QID26_1""}","{""ImportId"":""QID29_1""}","{""ImportId"":""SC_6VVWwLr3gBX77IW""}","{""ImportId"":""FL_17_DO""}","{""ImportId"":""FL_17_DO""}","{""ImportId"":""FL_18_DO""}"
12/4/23 23:13,12/4/23 23:18,0,100,317,1,12/4/23 23:18,EN,2,2,2,500,500,12,12,0,0,13,13,1,4,2,1,1,3,4,26,2,-99,8,2,-99,4,1,2,6,FL_18|CRT,FL_18|CRT,MoralDilemmaC|MoralDilemmaA |MoralDilemmaB
12/4/23 23:14,12/4/23 23:19,0,100,284,1,12/4/23 23:19,EN,2,none,0,10,10,1,1,7,7,6.5,6.5,1,7,1,7,1,7,5,26,1,-99,3,6,Latino,3,1,3,17,CRT |FL_18,CRT|FL_18,MoralDilemmaC|MoralDilemmaB|MoralDilemmaA 
12/4/23 23:15,12/4/23 23:19,0,100,266,1,12/4/23 23:19,EN,2,1,1,50,50,1,1,7,7,52,52,1,3,2,2,2,6,4,23,2,-99,1,2,-99,4,2,3,9,CRT |FL_18,CRT|FL_18,MoralDilemmaB|MoralDilemmaA |MoralDilemmaC
12/4/23 23:14,12/4/23 23:19,0,100,299,1,12/4/23 23:19,EN,2,2,2,10,10,1,1,8,8,13,13,1,4,2,2,2,2,4,27,1,-99,1,1,-99,2,2,2,6,FL_18|CRT,FL_18|CRT,MoralDilemmaB|MoralDilemmaA |MoralDilemmaC
12/4/23 23:15,12/4/23 23:19,0,100,241,1,12/4/23 23:19,EN,2,2,2,1,1,1,1,7,7,13,13,1,4,2,2,1,5,4,36,1,-99,3,1,-99,4,1,2,9,CRT |FL_18,CRT|FL_18,MoralDilemmaA |MoralDilemmaB|MoralDilemmaC
12/4/23 23:16,12/4/23 23:21,0,100,289,1,12/4/23 23:21,EN,2,two,2,ten,10,twelve,12,eight,8,25,25,1,4,1,5,2,2,4,41,1,-99,6,1,-99,5,3,2,10,CRT |FL_18,CRT|FL_18,MoralDilemmaC|MoralDilemmaA |MoralDilemmaB
12/4/23 23:15,12/4/23 23:21,0,100,377,1,12/4/23 23:21,EN,2,2,2,50,50,12,12,7,7,13,13,1,7,1,7,2,1,4,31,1,-99,1,1,-99,3,2,1,10,FL_18|CRT,FL_18|CRT,MoralDilemmaC|MoralDilemmaA |MoralDilemmaB
12/4/23 23:16,12/4/23 23:21,0,100,310,1,12/4/23 23:21,EN,2,2,2,10,10,1,1,7,7,25,25,1,7,2,1,2,3,4,44,1,-99,1,6,Hispanic,5,2,2,6,CRT |FL_18,CRT|FL_18,MoralDilemmaC|MoralDilemmaA |MoralDilemmaB
12/4/23 23:14,12/4/23 23:21,0,100,443,1,12/4/23 23:22,EN,2,2,2,50,50,12,12,7,7,13,13,2,5,2,4,1,3,2,26,1,-99,2,2,-99,3,3,2,8,FL_18|CRT ,FL_18|CRT,MoralDilemmaB|MoralDilemmaA |MoralDilemmaC
12/4/23 23:16,12/4/23 23:22,0,100,342,1,12/4/23 23:22,EN,2,2,2,10,10,1,1,8,8,25,25,1,2,1,1,2,1,4,42,1,-99,2,1,-99,4,3,2,6,FL_18|CRT ,FL_18|CRT,MoralDilemmaB|MoralDilemmaC|MoralDilemmaA 
12/4/23 23:15,12/4/23 23:22,0,100,383,1,12/4/23 23:22,EN,2,2,2,5,5,12,12,8,8,6,6,1,4,1,4,2,1,4,35,1,-99,2,6,Cooured,3,3,2,8,FL_18|CRT ,FL_18|CRT,MoralDilemmaC|MoralDilemmaA |MoralDilemmaB
12/4/23 23:17,12/4/23 23:22,0,100,321,1,12/4/23 23:22,EN,2,2,2,50,50,0,0,7,7,13,13,1,5,1,5,1,5,4,60,1,-99,3,1,-99,4,2,2,14,CRT |FL_18,CRT|FL_18,MoralDilemmaC|MoralDilemmaB|MoralDilemmaA 
12/4/23 23:16,12/4/23 23:22,0,100,379,1,12/4/23 23:22,EN,2,2,2,50,50,1,1,8,8,13,13,2,2,2,1,2,2,4,22,2,-99,1,6,Mixed,4,2,1,4,CRT |FL_18,CRT|FL_18,MoralDilemmaB|MoralDilemmaC|MoralDilemmaA 
12/4/23 23:17,12/4/23 23:23,0,100,348,1,12/4/23 23:23,EN,2,2,2,50,50,12,12,8,8,26,26,1,7,1,7,1,5,7,18,2,-99,1,1,-99,2,1,1,16,CRT |FL_18,CRT|FL_18,MoralDilemmaC|MoralDilemmaB|MoralDilemmaA 
12/4/23 23:16,12/4/23 23:23,0,100,396,1,12/4/23 23:23,EN,2,2,2,50,50,1,1,8,8,13,13,2,1,2,1,2,1,4,42,2,-99,1,2,-99,4,1,1,3,CRT |FL_18,CRT|FL_18,MoralDilemmaB|MoralDilemmaA |MoralDilemmaC
12/4/23 23:16,12/4/23 23:23,0,100,397,1,12/4/23 23:23,EN,2,2,2,50,50,1,1,8,8,5,5,1,5,1,5,2,5,4,27,2,-99,1,6,Hispanic,4,2,2,13,FL_18|CRT ,FL_18|CRT,MoralDilemmaB|MoralDilemmaC|MoralDilemmaA 
12/4/23 23:17,12/4/23 23:23,0,100,349,1,12/4/23 23:23,EN,2,2,2,10,10,1,1,8,8,13,13,1,5,2,2,2,3,4,57,2,-99,5,1,-99,2,1,1,7,FL_18|CRT ,FL_18|CRT,MoralDilemmaB|MoralDilemmaA |MoralDilemmaC
12/4/23 23:19,12/4/23 23:23,0,100,271,1,12/4/23 23:23,EN,2,Two,2,10,10,1,1,7,7,13,13,1,5,1,5,1,5,4,23,2,-99,6,6,Hispanic and Ashkenazi,3,2,2,13,CRT |FL_18,CRT|FL_18,MoralDilemmaB|MoralDilemmaC|MoralDilemmaA 
12/4/23 23:17,12/4/23 23:23,0,100,408,1,12/4/23 23:23,EN,2,5,5,50 minutes,50,1,1,0,0,13,13,1,2,2,1,1,5,4,25,2,-99,1,2,-99,3,2,2,8,FL_18|CRT ,FL_18|CRT,MoralDilemmaB|MoralDilemmaC|MoralDilemmaA 
12/4/23 23:18,12/4/23 23:24,0,100,322,1,12/4/23 23:24,EN,2,2,2,50,50,1,1,8,8,13,13,2,1,2,1,2,1,4,46,2,-99,1,2,-99,5,2,1,3,CRT |FL_18,CRT|FL_18,MoralDilemmaA |MoralDilemmaB|MoralDilemmaC
12/4/23 23:20,12/4/23 23:24,0,100,236,1,12/4/23 23:24,EN,2,2,2,50,50,1,1,8,8,8,8,1,3,1,1,1,1,4,44,2,-99,5,1,-99,2,1,1,6,CRT |FL_18,CRT|FL_18,MoralDilemmaA |MoralDilemmaB|MoralDilemmaC
12/4/23 23:16,12/4/23 23:24,0,100,438,1,12/4/23 23:24,EN,2,0,0,50,50,12,12,8,8,7,7,1,6,1,4,2,2,4,45,1,-99,7,-99,-99,4,2,2,9,FL_18|CRT ,FL_18|CRT,MoralDilemmaA |MoralDilemmaB|MoralDilemmaC
12/4/23 23:20,12/4/23 23:24,0,100,215,1,12/4/23 23:24,EN,2,2,2,10,10,1,1,8,8,25,25,1,5,2,1,2,5,4,24,2,-99,2,1,-99,4,2,3,9,CRT |FL_18,CRT|FL_18,MoralDilemmaC|MoralDilemmaB|MoralDilemmaA 
12/4/23 23:23,12/4/23 23:24,0,100,95,1,12/4/23 23:24,EN,2,two,2,10,10,12,12,8,8,25,25,1,5,1,5,1,6,4,21,1,-99,1,1,-99,2,3,3,16,CRT |FL_18,CRT|FL_18,MoralDilemmaA |MoralDilemmaB|MoralDilemmaC
12/4/23 23:14,12/4/23 23:24,0,100,626,1,12/4/23 23:24,EN,2,2,2,50,50,1,1,8,8,13,13,1,4,1,4,1,4,4,27,1,-99,1,2,-99,4,1,1,12,CRT |FL_18,CRT|FL_18,MoralDilemmaB|MoralDilemmaC|MoralDilemmaA 
12/4/23 23:20,12/4/23 23:25,0,100,294,1,12/4/23 23:25,EN,2,13,13,10,10,1,1,8,8,27,27,1,2,1,1,1,2,4,36,1,-99,6,1,-99,5,2,1,7,CRT |FL_18,CRT|FL_18,MoralDilemmaC|MoralDilemmaB|MoralDilemmaA 
12/4/23 23:20,12/4/23 23:25,0,100,244,1,12/4/23 23:25,EN,2,2,2,50,50,1,1,8,8,13,13,2,2,2,2,2,2,4,54,2,-99,2,1,-99,2,1,1,5,CRT |FL_18,CRT|FL_18,MoralDilemmaA |MoralDilemmaB|MoralDilemmaC
12/4/23 23:20,12/4/23 23:25,0,100,248,1,12/4/23 23:25,EN,2,2,2,10,10,1,1,8,8,25,25,1,6,1,3,2,2,4,24,1,-99,1,1,-99,4,3,2,9,CRT |FL_18,CRT|FL_18,MoralDilemmaC|MoralDilemmaB|MoralDilemmaA 
12/4/23 23:17,12/4/23 23:25,0,100,476,1,12/4/23 23:25,EN,2,2,2,50,50,1,1,7,7,2,2,2,3,2,5,2,3,4,37,1,-99,2,2,-99,4,1,3,8,FL_18|CRT ,FL_18|CRT,MoralDilemmaC|MoralDilemmaA |MoralDilemmaB
12/4/23 23:19,12/4/23 23:25,0,100,329,1,12/4/23 23:25,EN,2,0,0,50,50,1,1,8,8,26,26,1,5,1,5,1,5,4,28,2,-99,1,2,-99,4,2,3,14,FL_18|CRT ,FL_18|CRT,MoralDilemmaA |MoralDilemmaB|MoralDilemmaC
12/4/23 23:22,12/4/23 23:25,0,100,193,1,12/4/23 23:25,EN,2,two,2,10,10,one,1,eight,8,25,25,1,6,1,5,2,3,4,33,1,-99,6,1,-99,3,2,2,11,FL_18|CRT ,FL_18|CRT,MoralDilemmaB|MoralDilemmaC|MoralDilemmaA 
12/4/23 23:16,12/4/23 23:25,0,100,541,1,12/4/23 23:25,EN,2,7800,7800,50,50,12,12,7,7,52,52,2,1,2,1,2,2,4,32,2,-99,2,2,-99,4,2,2,3,CRT |FL_18,CRT|FL_18,MoralDilemmaA |MoralDilemmaB|MoralDilemmaC
12/4/23 23:17,12/4/23 23:25,0,100,465,1,12/4/23 23:25,EN,2,TWO,2,"2mins , 30 sec",2.5,1,1,7,7,13,13,1,5,2,1,1,5,4,24,2,-99,3,2,-99,4,1,1,8,CRT |FL_18,CRT|FL_18,MoralDilemmaA |MoralDilemmaB|MoralDilemmaC
12/4/23 23:20,12/4/23 23:25,0,100,305,1,12/4/23 23:25,EN,2,-99,-99,10,10,1,1,7,7,13,13,2,3,2,1,2,1,4,23,2,-99,1,2,-99,4,1,2,2,FL_18|CRT ,FL_18|CRT,MoralDilemmaC|MoralDilemmaB|MoralDilemmaA 
12/4/23 23:22,12/4/23 23:25,0,100,220,1,12/4/23 23:25,EN,2,2,2,10,10,1,1,8,8,25,25,1,5,2,2,2,1,4,32,1,-99,1,1,-99,3,3,2,6,FL_18|CRT ,FL_18|CRT,MoralDilemmaB|MoralDilemmaA |MoralDilemmaC
12/4/23 23:17,12/4/23 23:25,0,100,488,1,12/4/23 23:25,EN,2,16000,16000,50,50,12,12,7,7,13,13,1,5,2,1,2,2,3,23,2,-99,1,2,-99,4,3,1,4,FL_18|CRT ,FL_18|CRT,MoralDilemmaB|MoralDilemmaC|MoralDilemmaA 
12/4/23 23:19,12/4/23 23:25,0,100,399,1,12/4/23 23:25,EN,2,seven,7,fifty,50,five,5,seven,7,fifty,50,1,4,2,1,2,2,5,22,2,-99,1,2,-99,2,2,2,4,FL_18|CRT ,FL_18|CRT,MoralDilemmaB|MoralDilemmaC|MoralDilemmaA 
12/4/23 23:20,12/4/23 23:26,0,100,347,1,12/4/23 23:26,EN,2,2,2,10,10,1,1,7,7,25,25,1,3,1,3,2,3,4,23,1,-99,2,6,Mixed race,4,1,3,9,FL_18|CRT ,FL_18|CRT,MoralDilemmaC|MoralDilemmaA |MoralDilemmaB
12/4/23 23:18,12/4/23 23:26,0,100,464,1,12/4/23 23:26,EN,2,2,2,50,50,1,1,7,7,52,52,1,1,1,1,1,1,4,38,2,-99,3,2,-99,3,1,1,5,CRT |FL_18,CRT|FL_18,MoralDilemmaA |MoralDilemmaB|MoralDilemmaC
12/4/23 23:17,12/4/23 23:26,0,100,548,1,12/4/23 23:26,EN,2,2,2,50,50,1,1,7,7,13,13,1,4,2,2,2,3,3,24,2,-99,3,2,-99,4,2,1,6,CRT |FL_18,CRT|FL_18,MoralDilemmaC|MoralDilemmaB|MoralDilemmaA 
12/4/23 23:13,12/4/23 23:26,0,100,792,1,12/4/23 23:26,EN,2,2,2,10,10,12,12,8,8,25,25,2,1,2,1,1,5,4,21,2,-99,1,2,-99,2,2,2,9,CRT |FL_18,CRT|FL_18,MoralDilemmaC|MoralDilemmaB|MoralDilemmaA 
12/4/23 23:22,12/4/23 23:26,0,100,208,1,12/4/23 23:26,EN,2,2,2,50,50,1,1,8,8,4,4,1,4,1,2,1,3,4,40,2,-99,6,1,-99,4,2,2,9,CRT |FL_18,CRT|FL_18,MoralDilemmaA |MoralDilemmaC|MoralDilemmaB
12/4/23 23:20,12/4/23 23:26,0,100,337,1,12/4/23 23:26,EN,2,0,0,50,50,1,1,7,7,13,13,2,1,1,6,1,3,4,21,2,-99,1,2,-99,2,2,1,11,CRT |FL_18,CRT|FL_18,MoralDilemmaB|MoralDilemmaC|MoralDilemmaA 
12/4/23 23:21,12/4/23 23:26,0,100,311,1,12/4/23 23:26,EN,2,2,2,50,50,0,0,8,8,13,13,1,5,2,3,2,3,4,59,2,-99,5,1,-99,4,2,1,9,CRT |FL_18,CRT|FL_18,MoralDilemmaA |MoralDilemmaB|MoralDilemmaC
12/4/23 23:20,12/4/23 23:26,0,100,346,1,12/4/23 23:26,EN,2,Seven,7,Seven,7,Twelve,12,Eight,8,Thirteen,13,1,6,1,5,1,5,3,28,2,-99,3,1,-99,5,1,2,13,CRT |FL_18,CRT|FL_18,MoralDilemmaB|MoralDilemmaC|MoralDilemmaA 
12/4/23 23:21,12/4/23 23:26,0,100,279,1,12/4/23 23:26,EN,2,2,2,10,10,12,12,7,7,25,25,1,5,1,4,2,3,4,49,1,-99,3,1,-99,5,3,2,10,FL_18|CRT ,FL_18|CRT,MoralDilemmaA |MoralDilemmaB|MoralDilemmaC
12/4/23 23:22,12/4/23 23:26,0,100,215,1,12/4/23 23:26,EN,2,Two,2,50,50,1,1,7,7,4,4,1,5,2,2,1,4,4,30,2,-99,2,1,-99,2,1,1,8,CRT |FL_18,CRT|FL_18,MoralDilemmaC|MoralDilemmaB|MoralDilemmaA 
12/4/23 23:16,12/4/23 23:26,0,100,585,1,12/4/23 23:26,EN,2,7,7,50,50,1,1,8,8,-99,-99,2,1,2,1,2,1,4,23,2,-99,1,2,-99,4,1,1,3,FL_18|CRT ,FL_18|CRT,MoralDilemmaB|MoralDilemmaC|MoralDilemmaA 
12/4/23 23:18,12/4/23 23:26,0,100,515,1,12/4/23 23:26,EN,2,2,2,50,50,12,12,8,8,13,13,2,2,1,4,1,5,4,27,2,-99,1,2,-99,4,3,3,12,CRT |FL_18,CRT|FL_18,MoralDilemmaA |MoralDilemmaB|MoralDilemmaC
12/4/23 23:17,12/4/23 23:26,0,100,522,1,12/4/23 23:26,EN,2,Two,2,10 minutes,10,12,12,7,7,13,13,2,4,2,4,2,3,3,21,2,-99,1,"1,2,6",-99,3,1,3,7,CRT |FL_18,CRT|FL_18,MoralDilemmaC|MoralDilemmaA |MoralDilemmaB
12/4/23 23:19,12/4/23 23:26,0,100,433,1,12/4/23 23:26,EN,2,1,1,10,10,1,1,7,7,25,25,1,5,1,5,2,1,4,32,1,-99,4,6,Latin,6,2,1,9,FL_18|CRT ,FL_18|CRT,MoralDilemmaC|MoralDilemmaB|MoralDilemmaA 
12/4/23 23:20,12/4/23 23:27,0,100,384,1,12/4/23 23:27,EN,2,Two,2,50,50,12,12,7,7,13,13,2,2,2,3,2,3,4,18,1,-99,1,2,-99,3,3,2,6,CRT |FL_18,CRT|FL_18,MoralDilemmaB|MoralDilemmaC|MoralDilemmaA 
12/4/23 23:21,12/4/23 23:27,0,100,342,1,12/4/23 23:27,EN,2,2,2,50,50,1,1,8,8,13,13,2,3,1,4,1,5,4,28,2,-99,1,2,-99,4,2,3,12,FL_18|CRT ,FL_18|CRT,MoralDilemmaB|MoralDilemmaA |MoralDilemmaC
12/4/23 23:21,12/4/23 23:27,0,100,351,1,12/4/23 23:27,EN,2,Two,2,2,2,1,1,8,8,25,25,1,5,2,5,2,3,4,32,1,-99,6,6,Middle-eastern,3,2,1,11,FL_18|CRT ,FL_18|CRT,MoralDilemmaA |MoralDilemmaC|MoralDilemmaB
12/4/23 23:22,12/4/23 23:27,0,100,279,1,12/4/23 23:27,EN,2,Two,2,50,50,12,12,7,7,12,12,1,5,2,3,2,1,4,27,2,-99,1,6,Latina,4,1,2,5,CRT |FL_18,CRT|FL_18,MoralDilemmaB|MoralDilemmaA |MoralDilemmaC
12/4/23 23:21,12/4/23 23:27,0,100,329,1,12/4/23 23:27,EN,2,2,2,50,50,1,1,7,7,13,13,1,5,2,4,2,4,4,23,2,-99,1,2,-99,4,1,1,9,FL_18|CRT ,FL_18|CRT,MoralDilemmaC|MoralDilemmaB|MoralDilemmaA 
12/4/23 23:19,12/4/23 23:27,0,100,472,1,12/4/23 23:27,EN,2,2,2,50,50,12,12,7,7,13,13,1,3,2,1,2,1,4,35,1,-99,4,2,-99,3,2,2,3,CRT |FL_18,CRT|FL_18,MoralDilemmaC|MoralDilemmaB|MoralDilemmaA 
12/4/23 23:22,12/4/23 23:27,0,100,271,1,12/4/23 23:27,EN,2,2,2,50,50,12,12,8,8,13,13,2,3,2,1,2,1,4,21,2,-99,1,2,-99,2,3,1,3,FL_18|CRT ,FL_18|CRT,MoralDilemmaB|MoralDilemmaA |MoralDilemmaC
12/4/23 23:20,12/4/23 23:27,0,100,423,1,12/4/23 23:27,EN,2,2,2,50,50,1,1,8,8,13,13,1,4,2,3,2,3,2,25,2,-99,1,1,-99,2,2,1,8,FL_18|CRT ,FL_18|CRT,MoralDilemmaC|MoralDilemmaB|MoralDilemmaA 
12/4/23 23:22,12/4/23 23:27,0,100,284,1,12/4/23 23:27,EN,2,2,2,10,10,1,1,8,8,25,25,1,7,1,7,2,1,4,31,1,-99,1,1,-99,2,2,2,12,CRT |FL_18,CRT|FL_18,MoralDilemmaB|MoralDilemmaC|MoralDilemmaA 
12/4/23 23:22,12/4/23 23:27,0,100,297,1,12/4/23 23:27,EN,2,2,2,50,50,1,1,8,8,25,25,2,3,2,1,2,2,4,43,2,-99,3,1,-99,5,2,2,5,CRT |FL_18,CRT|FL_18,MoralDilemmaA |MoralDilemmaC|MoralDilemmaB
12/4/23 23:21,12/4/23 23:27,0,100,344,1,12/4/23 23:27,EN,2,89,89,50,50,1,1,7,7,13,13,1,4,2,1,2,1,4,34,2,-99,4,2,-99,4,3,3,3,FL_18|CRT ,FL_18|CRT,MoralDilemmaB|MoralDilemmaA |MoralDilemmaC
12/4/23 23:18,12/4/23 23:27,0,100,513,1,12/4/23 23:27,EN,2,2,2,10,10,12,12,15,15,25,25,1,6,2,2,2,3,7,27,1,-99,2,6,Latin,4,2,1,7,CRT |FL_18,CRT|FL_18,MoralDilemmaA |MoralDilemmaC|MoralDilemmaB
12/4/23 23:23,12/4/23 23:27,0,100,251,1,12/4/23 23:27,EN,2,2,2,10,10,12,12,23,23,25,25,2,2,2,1,1,4,2,41,1,-99,8,4,-99,5,1,1,7,FL_18|CRT ,FL_18|CRT,MoralDilemmaB|MoralDilemmaA |MoralDilemmaC
12/4/23 23:24,12/4/23 23:27,0,100,206,1,12/4/23 23:27,EN,2,2,2,10,10,1,1,7,7,25,25,1,5,1,5,1,5,4,34,1,-99,3,1,-99,5,2,3,14,FL_18|CRT ,FL_18|CRT,MoralDilemmaB|MoralDilemmaA |MoralDilemmaC
12/4/23 23:18,12/4/23 23:27,0,100,555,1,12/4/23 23:27,EN,2,Two,2,Ten,10,Twelve,12,Eight,8,25,25,1,3,2,1,2,1,4,21,2,-99,1,6,Latin,3,3,3,4,CRT |FL_18,CRT|FL_18,MoralDilemmaB|MoralDilemmaC|MoralDilemmaA 
12/4/23 23:20,12/4/23 23:27,0,100,435,1,12/4/23 23:27,EN,2,2,2,10,10,1,1,8,8,10,10,1,4,2,1,2,1,7,48,2,-99,7,2,-99,5,1,1,4,FL_18|CRT ,FL_18|CRT,MoralDilemmaB|MoralDilemmaA |MoralDilemmaC
12/4/23 23:21,12/4/23 23:27,0,100,373,1,12/4/23 23:27,EN,2,2,2,50,50,1,1,8,8,13,13,1,5,2,1,2,1,4,26,2,-99,1,6,mixed race,4,3,2,4,CRT |FL_18,CRT|FL_18,MoralDilemmaC|MoralDilemmaB|MoralDilemmaA 
12/4/23 23:23,12/4/23 23:27,0,100,272,1,12/4/23 23:27,EN,2,2,2,10,10,1,1,8,8,25,25,1,5,1,5,2,1,8,30,1,-99,2,1,-99,4,1,2,10,FL_18|CRT ,FL_18|CRT,MoralDilemmaB|MoralDilemmaC|MoralDilemmaA 
12/4/23 23:21,12/4/23 23:28,0,100,425,1,12/4/23 23:28,EN,2,50,50,50,50,1,1,7,7,52,52,2,1,2,1,2,1,7,27,2,-99,1,2,-99,4,2,2,2,FL_18|CRT ,FL_18|CRT,MoralDilemmaA |MoralDilemmaB|MoralDilemmaC
12/4/23 23:19,12/4/23 23:28,0,100,511,1,12/4/23 23:28,EN,2,7876,7876,10,10,1,1,7,7,13,13,2,1,2,1,2,1,4,26,1,-99,2,2,-99,4,2,3,2,CRT |FL_18,CRT|FL_18,MoralDilemmaA |MoralDilemmaC|MoralDilemmaB
12/4/23 23:22,12/4/23 23:28,0,100,338,1,12/4/23 23:28,EN,2,2,2,50,50,1,1,8,8,25,25,1,5,1,5,1,5,4,44,1,-99,6,1,-99,3,2,2,15,FL_18|CRT ,FL_18|CRT,MoralDilemmaA |MoralDilemmaB|MoralDilemmaC
12/4/23 23:22,12/4/23 23:28,0,100,365,1,12/4/23 23:28,EN,2,2,2,10,10,1,1,7,7,13,13,1,4,2,4,1,4,4,23,1,-99,3,6,hispanic,4,1,1,10,CRT |FL_18,CRT|FL_18,MoralDilemmaB|MoralDilemmaC|MoralDilemmaA 
12/4/23 23:17,12/4/23 23:28,0,100,643,1,12/4/23 23:28,EN,2,2,2,10,10,1,1,8,8,4,4,2,1,2,1,2,1,2,30,1,-99,2,2,-99,3,1,2,3,FL_18|CRT ,FL_18|CRT,MoralDilemmaC|MoralDilemmaB|MoralDilemmaA 
12/4/23 23:22,12/4/23 23:28,0,100,375,1,12/4/23 23:28,EN,2,2,2,10,10,1,1,8,8,25,25,1,3,2,2,2,2,4,50,2,-99,8,1,-99,4,1,1,7,FL_18|CRT ,FL_18|CRT,MoralDilemmaC|MoralDilemmaB|MoralDilemmaA 
12/4/23 23:19,12/4/23 23:28,0,100,536,1,12/4/23 23:28,EN,2,2,2,50,50,1,1,0,0,8,8,1,7,1,2,1,4,4,43,1,-99,4,1,-99,4,1,2,9,FL_18|CRT ,FL_18|CRT,MoralDilemmaB|MoralDilemmaC|MoralDilemmaA 
12/4/23 23:22,12/4/23 23:28,0,100,396,1,12/4/23 23:28,EN,2,100,100,50,50,1,1,8,8,10,10,2,1,2,1,2,1,3,33,2,-99,5,2,-99,4,1,1,3,CRT |FL_18,CRT|FL_18,MoralDilemmaC|MoralDilemmaB|MoralDilemmaA 
12/4/23 23:23,12/4/23 23:28,0,100,322,1,12/4/23 23:28,EN,2,2,2,50,50,1,1,7,7,13,13,2,3,1,4,2,5,4,37,1,-99,1,2,-99,5,1,2,10,CRT |FL_18,CRT|FL_18,MoralDilemmaB|MoralDilemmaA |MoralDilemmaC
12/4/23 23:19,12/4/23 23:28,0,100,530,1,12/4/23 23:28,EN,2,0,0,1 MINUTE,1,1,1,8,8,13,13,1,1,1,3,2,1,4,27,2,-99,1,2,-99,4,2,2,7,CRT |FL_18,CRT|FL_18,MoralDilemmaB|MoralDilemmaA |MoralDilemmaC
12/4/23 23:24,12/4/23 23:28,0,100,271,1,12/4/23 23:28,EN,2,2,2,50,50,1,1,7,7,26,26,2,3,2,1,2,2,4,20,2,-99,1,1,-99,4,1,1,3,FL_18|CRT ,FL_18|CRT,MoralDilemmaA |MoralDilemmaC|MoralDilemmaB
12/4/23 23:19,12/4/23 23:28,0,100,545,1,12/4/23 23:28,EN,2,two,2,50,50,1,1,7,7,26,26,1,5,2,2,2,2,4,47,1,-99,1,6,-99,2,2,2,5,CRT |FL_18,CRT|FL_18,MoralDilemmaC|MoralDilemmaA |MoralDilemmaB
12/4/23 23:18,12/4/23 23:28,0,100,594,1,12/4/23 23:28,EN,2,2,2,10,10,12,12,8,8,14,14,1,4,1,4,1,4,4,39,1,-99,8,1,-99,4,1,2,12,FL_18|CRT ,FL_18|CRT,MoralDilemmaC|MoralDilemmaA |MoralDilemmaB
12/4/23 23:23,12/4/23 23:28,0,100,321,1,12/4/23 23:28,EN,2,2,2,50,50,12,12,8,8,6,6,1,5,2,1,2,3,4,24,2,-99,2,2,-99,4,2,2,6,FL_18|CRT ,FL_18|CRT,MoralDilemmaA |MoralDilemmaB|MoralDilemmaC
12/4/23 23:24,12/4/23 23:29,0,100,271,1,12/4/23 23:29,EN,2,2,2,10,10,12,12,8,8,25,25,1,5,2,6,2,3,7,33,3,-99,3,1,-99,3,3,3,12,FL_18|CRT ,FL_18|CRT,MoralDilemmaA |MoralDilemmaC|MoralDilemmaB
12/4/23 23:21,12/4/23 23:29,0,100,458,1,12/4/23 23:29,EN,2,7,7,50,50,12,12,8,8,52,52,1,6,2,3,1,4,4,31,2,-99,5,2,-99,4,2,2,10,FL_18|CRT ,FL_18|CRT,MoralDilemmaB|MoralDilemmaA |MoralDilemmaC
12/4/23 23:26,12/4/23 23:29,0,100,174,1,12/4/23 23:29,EN,2,500,500,10,10,1,1,8,8,25,25,1,7,2,1,2,3,4,34,1,-99,7,1,-99,4,1,1,7,CRT |FL_18,CRT|FL_18,MoralDilemmaB|MoralDilemmaA |MoralDilemmaC
12/4/23 23:22,12/4/23 23:29,0,100,426,1,12/4/23 23:29,EN,2,2,2,50,50,1,1,7,7,52,52,1,5,2,1,2,2,4,41,2,-99,3,2,-99,3,1,1,4,FL_18|CRT ,FL_18|CRT,MoralDilemmaA |MoralDilemmaB|MoralDilemmaC
12/4/23 23:25,12/4/23 23:29,0,100,202,1,12/4/23 23:29,EN,2,2,2,10,10,12,12,8,8,25,25,1,5,2,3,2,4,4,37,2,-99,4,1,-99,3,3,3,10,FL_18|CRT ,FL_18|CRT,MoralDilemmaC|MoralDilemmaA |MoralDilemmaB
12/4/23 23:19,12/4/23 23:29,0,100,578,1,12/4/23 23:29,EN,2,0,0,50,50,12,12,8,8,13,13,1,4,2,1,2,1,4,26,2,-99,5,6,Indian Ocean islander,4,2,2,4,CRT |FL_18,CRT|FL_18,MoralDilemmaC|MoralDilemmaB|MoralDilemmaA 
12/4/23 23:23,12/4/23 23:29,0,100,371,1,12/4/23 23:29,EN,2,2,2,50,50,1,1,8,8,13,13,1,4,2,1,1,2,4,23,2,-99,1,6,coloured,2,1,1,6,FL_18|CRT ,FL_18|CRT,MoralDilemmaA |MoralDilemmaB|MoralDilemmaC
12/4/23 23:24,12/4/23 23:29,0,100,295,1,12/4/23 23:29,EN,2,Two,2,50,50,1,1,8,8,13,13,1,5,2,3,2,3,4,43,2,-99,5,1,-99,6,2,2,8,CRT |FL_18,CRT|FL_18,MoralDilemmaC|MoralDilemmaA |MoralDilemmaB
12/4/23 23:24,12/4/23 23:29,0,100,324,1,12/4/23 23:29,EN,2,2,2,10,10,12,12,8,8,25,25,1,5,2,3,1,7,4,22,1,-99,2,2,-99,3,2,2,14,CRT |FL_18,CRT|FL_18,MoralDilemmaC|MoralDilemmaA |MoralDilemmaB
12/4/23 23:19,12/4/23 23:29,0,100,595,1,12/4/23 23:29,EN,2,1 of each gender,2,50,50,1,1,0,0,14,14,2,3,2,4,1,4,4,27,1,-99,3,2,-99,5,2,1,9,CRT |FL_18,CRT|FL_18,MoralDilemmaC|MoralDilemmaB|MoralDilemmaA 
12/4/23 23:26,12/4/23 23:29,0,100,201,1,12/4/23 23:29,EN,2,2,2,10,10,12,12,8,8,25,25,1,5,2,3,2,4,4,41,2,-99,1,4,-99,5,3,3,10,FL_18|CRT ,FL_18|CRT,MoralDilemmaA |MoralDilemmaB|MoralDilemmaC
12/4/23 23:21,12/4/23 23:29,0,100,474,1,12/4/23 23:29,EN,2,2,2,10,10,1,1,8,8,25,25,1,5,1,2,1,3,4,24,1,-99,3,1,-99,2,2,1,10,CRT |FL_18,CRT|FL_18,MoralDilemmaC|MoralDilemmaA |MoralDilemmaB
12/4/23 23:23,12/4/23 23:29,0,100,379,1,12/4/23 23:29,EN,2,2,2,50,50,1,1,7,7,13,13,2,2,2,1,2,1,4,29,2,-99,1,2,-99,4,1,1,2,FL_18|CRT ,FL_18|CRT,MoralDilemmaB|MoralDilemmaA |MoralDilemmaC
12/4/23 23:21,12/4/23 23:29,0,100,513,1,12/4/23 23:29,EN,2,2,2,10,10,1,1,8,8,13,13,1,2,2,1,2,1,4,32,2,-99,2,6,Coloured,3,2,1,4,CRT |FL_18,CRT|FL_18,MoralDilemmaB|MoralDilemmaC|MoralDilemmaA 
12/4/23 23:19,12/4/23 23:29,0,100,624,1,12/4/23 23:29,EN,2,2,2,50,50,12,12,7,7,13,13,2,2,2,1,2,2,4,25,1,-99,2,2,-99,2,1,1,3,CRT |FL_18,CRT|FL_18,MoralDilemmaB|MoralDilemmaA |MoralDilemmaC
12/4/23 23:14,12/4/23 23:30,0,100,918,1,12/4/23 23:30,EN,2,it was Noah not Moses,1234,50,50,1,1,7,7,i dont know,1234,1,5,2,4,2,4,4,40,2,-99,5,2,-99,4,1,1,9,FL_18|CRT ,FL_18|CRT,MoralDilemmaC|MoralDilemmaB|MoralDilemmaA 
12/4/23 23:22,12/4/23 23:30,0,100,448,1,12/4/23 23:30,EN,2,2,2,50,50,1,1,7,7,25,25,1,5,1,1,2,3,4,63,1,-99,3,1,-99,2,1,1,7,CRT |FL_18,CRT|FL_18,MoralDilemmaA |MoralDilemmaC|MoralDilemmaB
12/4/23 23:17,12/4/23 23:30,0,100,737,1,12/4/23 23:30,EN,2,2,2,50,50,1,1,8,8,25,25,1,5,2,1,2,1,4,31,2,-99,6,2,-99,4,1,1,5,FL_18|CRT ,FL_18|CRT,MoralDilemmaC|MoralDilemmaB|MoralDilemmaA 
12/4/23 23:20,12/4/23 23:30,0,100,602,1,12/4/23 23:30,EN,2,2,2,50,50,12,12,7,7,13,13,1,5,1,1,1,5,4,26,2,-99,1,2,-99,4,2,2,9,FL_18|CRT ,FL_18|CRT,MoralDilemmaC|MoralDilemmaA |MoralDilemmaB
12/4/23 23:20,12/4/23 23:30,0,100,620,1,12/4/23 23:30,EN,2,3000,3000,50,50,12,12,0,0,52,52,1,4,2,2,1,7,4,24,2,-99,1,6,African Black,4,1,1,11,FL_18|CRT ,FL_18|CRT,MoralDilemmaC|MoralDilemmaB|MoralDilemmaA 
12/4/23 23:23,12/4/23 23:30,0,100,430,1,12/4/23 23:30,EN,2,two,2,10,10,one,1,8,8,25,25,1,5,1,4,1,7,4,23,1,-99,1,1,-99,2,2,3,16,FL_18|CRT ,FL_18|CRT,MoralDilemmaA |MoralDilemmaC|MoralDilemmaB
12/4/23 23:22,12/4/23 23:30,0,100,483,1,12/4/23 23:30,EN,2,2,2,50,50,1,1,8,8,13,13,1,1,2,1,2,1,4,44,2,-99,5,2,-99,4,1,2,4,FL_18|CRT ,FL_18|CRT,MoralDilemmaA |MoralDilemmaC|MoralDilemmaB
12/4/23 23:24,12/4/23 23:30,0,100,378,1,12/4/23 23:30,EN,2,2,2,10,10,12,12,8,8,25,25,1,5,2,2,2,2,4,25,2,-99,4,2,-99,4,3,2,7,FL_18|CRT ,FL_18|CRT,MoralDilemmaC|MoralDilemmaB|MoralDilemmaA 
12/4/23 23:24,12/4/23 23:30,0,100,394,1,12/4/23 23:30,EN,2,2,2,50,50,1,1,7,7,13,13,1,5,2,1,1,3,4,31,2,-99,3,4,-99,4,2,3,6,CRT |FL_18,CRT|FL_18,MoralDilemmaB|MoralDilemmaC|MoralDilemmaA 
12/4/23 23:24,12/4/23 23:30,0,100,371,1,12/4/23 23:30,EN,2,0,0,50,50,1,1,8,8,13,13,2,4,2,2,1,3,4,23,2,-99,2,4,-99,3,2,3,7,CRT |FL_18,CRT|FL_18,MoralDilemmaA |MoralDilemmaC|MoralDilemmaB
12/4/23 23:26,12/4/23 23:30,0,100,283,1,12/4/23 23:30,EN,2,None,0,10,10,12,12,8,8,22,22,2,2,2,3,2,1,7,39,2,-99,4,1,-99,4,2,2,5,FL_18|CRT ,FL_18|CRT,MoralDilemmaC|MoralDilemmaA |MoralDilemmaB
12/4/23 23:25,12/4/23 23:30,0,100,309,1,12/4/23 23:30,EN,2,two,2,50,50,1,1,8,8,13,13,1,5,2,3,2,3,4,24,1,-99,1,1,-99,2,2,2,8,CRT |FL_18,CRT|FL_18,MoralDilemmaC|MoralDilemmaB|MoralDilemmaA 
12/4/23 23:26,12/4/23 23:30,0,100,267,1,12/4/23 23:30,EN,2,2,2,50,50,1,1,8,8,25,25,1,1,2,1,1,1,4,43,2,-99,5,1,-99,4,1,2,6,CRT |FL_18,CRT|FL_18,MoralDilemmaA |MoralDilemmaB|MoralDilemmaC
12/4/23 23:24,12/4/23 23:30,0,100,369,1,12/4/23 23:30,EN,2,2,2,50,50,1,1,7,7,7,7,1,7,1,5,1,5,4,30,1,-99,5,1,-99,4,2,3,13,FL_18|CRT ,FL_18|CRT,MoralDilemmaA |MoralDilemmaB|MoralDilemmaC
12/4/23 23:24,12/4/23 23:30,0,100,358,1,12/4/23 23:30,EN,2,2,2,10,10,1,1,8,8,25,25,1,5,1,2,2,5,4,31,1,-99,1,"1,6",Mestizo,4,2,3,11,FL_18|CRT ,FL_18|CRT,MoralDilemmaA |MoralDilemmaC|MoralDilemmaB
12/4/23 23:24,12/4/23 23:30,0,100,379,1,12/4/23 23:31,EN,2,2,2,10,10,1,1,8,8,25,25,1,5,1,4,2,1,4,70,2,-99,6,1,-99,6,2,3,9,CRT |FL_18,CRT|FL_18,MoralDilemmaC|MoralDilemmaA |MoralDilemmaB
12/4/23 23:25,12/4/23 23:31,0,100,303,1,12/4/23 23:31,EN,2,2,2,10,10,1,1,8,8,25,25,2,4,2,3,2,4,4,23,1,-99,3,1,-99,2,2,2,9,CRT |FL_18,CRT|FL_18,MoralDilemmaA |MoralDilemmaB|MoralDilemmaC
12/4/23 23:25,12/4/23 23:31,0,100,311,1,12/4/23 23:31,EN,2,0,0,50,50,1,1,7,7,13,13,1,5,2,1,1,3,4,22,2,-99,1,2,-99,4,1,3,6,CRT |FL_18,CRT|FL_18,MoralDilemmaC|MoralDilemmaB|MoralDilemmaA 
12/4/23 23:25,12/4/23 23:31,0,100,355,1,12/4/23 23:31,EN,2,2,2,50,50,1,1,7,7,13,13,1,5,2,1,1,4,4,26,1,-99,3,2,-99,4,1,1,7,FL_18|CRT ,FL_18|CRT,MoralDilemmaA |MoralDilemmaC|MoralDilemmaB
12/4/23 23:26,12/4/23 23:31,0,100,300,1,12/4/23 23:31,EN,2,2,2,10,10,1,1,7,7,13,13,2,1,2,1,2,1,2,26,1,-99,1,-99,-99,5,2,1,2,CRT |FL_18,CRT|FL_18,MoralDilemmaB|MoralDilemmaA |MoralDilemmaC
12/4/23 23:26,12/4/23 23:31,0,100,288,1,12/4/23 23:31,EN,2,0,0,50,50,12,12,7,7,25,25,1,2,1,2,1,2,4,27,1,-99,2,1,-99,4,2,1,8,FL_18|CRT ,FL_18|CRT,MoralDilemmaB|MoralDilemmaC|MoralDilemmaA 
12/4/23 23:23,12/4/23 23:31,0,100,471,1,12/4/23 23:31,EN,2,7,7,50,50,1,1,7,7,13,13,2,1,2,1,2,1,4,29,2,-99,2,2,-99,2,1,1,2,CRT |FL_18,CRT|FL_18,MoralDilemmaC|MoralDilemmaA |MoralDilemmaB
12/4/23 23:23,12/4/23 23:31,0,100,445,1,12/4/23 23:31,EN,2,2,2,50,50,1,1,8,8,13,13,2,2,2,2,2,1,4,24,2,-99,3,2,-99,4,2,1,4,FL_18|CRT ,FL_18|CRT,MoralDilemmaC|MoralDilemmaA |MoralDilemmaB
12/4/23 23:25,12/4/23 23:31,0,100,353,1,12/4/23 23:31,EN,2,0,0,50,50,1,1,8,8,13,13,1,5,2,3,1,4,4,27,1,-99,5,-99,-99,2,1,1,10,FL_18|CRT ,FL_18|CRT,MoralDilemmaA |MoralDilemmaB|MoralDilemmaC
12/4/23 23:25,12/4/23 23:31,0,100,354,1,12/4/23 23:31,EN,2,2,2,10,10,12,12,8,8,13,13,1,5,2,3,1,3,4,46,2,-99,5,1,-99,5,3,3,9,CRT |FL_18,CRT|FL_18,MoralDilemmaA |MoralDilemmaB|MoralDilemmaC
12/4/23 23:23,12/4/23 23:31,0,100,496,1,12/4/23 23:31,EN,2,16000,16000,10,10,1,1,8,8,13,13,1,6,1,5,1,3,4,26,1,-99,1,6,Latin,4,1,2,12,CRT |FL_18,CRT|FL_18,MoralDilemmaB|MoralDilemmaC|MoralDilemmaA 
12/4/23 23:27,12/4/23 23:31,0,100,219,1,12/4/23 23:31,EN,2,2,2,10,10,12,12,8,8,25,25,1,3,2,1,2,1,4,21,2,-99,1,6,Hispanic,3,3,3,5,FL_18|CRT ,FL_18|CRT,MoralDilemmaA |MoralDilemmaB|MoralDilemmaC
12/4/23 23:21,12/4/23 23:31,0,100,617,1,12/4/23 23:31,EN,2,2,2,50,50,1,1,7,7,13,13,2,3,2,3,2,3,4,64,2,-99,1,1,-99,2,2,2,6,FL_18|CRT ,FL_18|CRT,MoralDilemmaC|MoralDilemmaB|MoralDilemmaA 
12/4/23 23:22,12/4/23 23:31,0,100,528,1,12/4/23 23:31,EN,2,2,2,50,50,1,1,7,7,13,13,1,4,1,3,2,3,4,30,1,-99,1,1,-99,2,2,2,8,CRT |FL_18,CRT|FL_18,MoralDilemmaB|MoralDilemmaC|MoralDilemmaA 
12/4/23 23:16,12/4/23 23:31,0,100,893,1,12/4/23 23:31,EN,2,2,2,10,10,1,1,7,7,13,13,2,4,1,5,2,1,4,28,2,-99,2,2,-99,4,1,1,7,FL_18|CRT ,FL_18|CRT,MoralDilemmaC|MoralDilemmaA |MoralDilemmaB
12/4/23 23:23,12/4/23 23:31,0,100,507,1,12/4/23 23:31,EN,2,2,2,50,50,12,12,7,7,13,13,1,1,2,1,2,-99,4,22,2,-99,3,2,-99,4,1,2,2,FL_18|CRT ,FL_18|CRT,MoralDilemmaA |MoralDilemmaB|MoralDilemmaC
12/4/23 23:26,12/4/23 23:31,0,100,334,1,12/4/23 23:31,EN,2,2,2,50,50,12,12,8,8,13,13,1,6,1,4,2,2,4,23,2,-99,6,2,-99,4,2,3,9,CRT |FL_18,CRT|FL_18,MoralDilemmaC|MoralDilemmaB|MoralDilemmaA 
12/4/23 23:24,12/4/23 23:31,0,100,444,1,12/4/23 23:31,EN,2,none,0,10,10,12,12,8,8,13,13,1,3,1,2,2,4,4,26,2,-99,1,6,-99,3,2,1,9,FL_18|CRT ,FL_18|CRT,MoralDilemmaB|MoralDilemmaA |MoralDilemmaC
12/4/23 23:23,12/4/23 23:31,0,100,483,1,12/4/23 23:31,EN,2,N/A Noah was the one with the ark,1234,N/A not good at math,1234,12,12,8,8,12,12,2,4,2,3,2,4,4,21,2,-99,2,1,-99,3,1,2,8,FL_18|CRT ,FL_18|CRT,MoralDilemmaA |MoralDilemmaB|MoralDilemmaC
12/4/23 23:25,12/4/23 23:32,0,100,399,1,12/4/23 23:32,EN,2,35000,35000,10,10,12,12,15,15,13,13,1,1,2,1,2,1,2,23,2,-99,1,2,-99,4,2,1,3,FL_18|CRT ,FL_18|CRT,MoralDilemmaA |MoralDilemmaC|MoralDilemmaB
12/4/23 23:24,12/4/23 23:32,0,100,468,1,12/4/23 23:32,EN,2,None. Though Noah did put seven of each.,0,10,10,12,12,8,8,25,25,1,6,1,2,1,4,4,27,1,-99,1,1,-99,5,1,3,11,FL_18|CRT ,FL_18|CRT,MoralDilemmaB|MoralDilemmaC|MoralDilemmaA 
12/4/23 23:24,12/4/23 23:32,0,100,487,1,12/4/23 23:32,EN,2,2,2,50,50,1,1,7,7,13,13,1,4,2,3,2,3,4,23,1,-99,3,2,-99,4,2,2,7,CRT |FL_18,CRT|FL_18,MoralDilemmaC|MoralDilemmaB|MoralDilemmaA 
12/4/23 23:25,12/4/23 23:32,0,100,400,1,12/4/23 23:32,EN,2,2,2,50,50,1,1,7,7,14,14,1,7,1,5,2,1,4,22,2,-99,3,2,-99,4,1,1,8,FL_18|CRT ,FL_18|CRT,MoralDilemmaC|MoralDilemmaB|MoralDilemmaA 
12/4/23 23:23,12/4/23 23:32,0,100,547,1,12/4/23 23:32,EN,2,Two,2,50,50,1,1,7,7,13,13,1,5,1,1,1,5,4,32,2,-99,1,2,-99,3,2,2,9,CRT |FL_18,CRT|FL_18,MoralDilemmaC|MoralDilemmaB|MoralDilemmaA 
12/4/23 23:22,12/4/23 23:32,0,100,586,1,12/4/23 23:32,EN,2,10,10,50 minutes,50,1 month (February),1,7,7,52,52,2,4,2,4,2,5,6,36,2,-99,2,2,-99,5,1,1,9,FL_18|CRT ,FL_18|CRT,MoralDilemmaB|MoralDilemmaA |MoralDilemmaC
12/4/23 23:22,12/4/23 23:32,0,100,602,1,12/4/23 23:32,EN,2,2,2,50,50,1,1,eight,8,13,13,1,4,2,1,2,1,4,24,2,-99,3,6,latin,4,1,1,3,FL_18|CRT ,FL_18|CRT,MoralDilemmaB|MoralDilemmaA |MoralDilemmaC
12/4/23 23:23,12/4/23 23:32,0,100,536,1,12/4/23 23:32,EN,2,none,0,500,500,1,1,7,7,52,52,2,1,2,1,2,1,4,20,2,-99,2,2,-99,3,1,1,2,FL_18|CRT ,FL_18|CRT,MoralDilemmaB|MoralDilemmaA |MoralDilemmaC
12/4/23 23:22,12/4/23 23:32,0,100,630,1,12/4/23 23:32,EN,2,2,2,10,10,1,1,8,8,23,23,1,5,2,2,2,3,4,58,1,-99,3,1,-99,4,2,3,7,CRT |FL_18,CRT|FL_18,MoralDilemmaC|MoralDilemmaB|MoralDilemmaA 
12/4/23 23:22,12/4/23 23:32,0,100,586,1,12/4/23 23:32,EN,2,7,7,50,50,1,1,12,12,13,13,2,2,2,1,1,4,4,30,1,-99,1,2,-99,3,1,2,6,CRT |FL_18,CRT|FL_18,MoralDilemmaA |MoralDilemmaB|MoralDilemmaC
12/4/23 23:26,12/4/23 23:32,0,100,390,1,12/4/23 23:32,EN,2,2,2,50,50,1,1,8,8,13,13,2,1,2,1,2,1,4,42,2,-99,1,2,-99,4,2,2,3,FL_18|CRT ,FL_18|CRT,MoralDilemmaA |MoralDilemmaB|MoralDilemmaC
12/4/23 23:25,12/4/23 23:32,0,100,448,1,12/4/23 23:32,EN,2,6744,6744,50 MINUTES,50,1 month,1,7,7,52,52,1,4,2,1,2,1,4,28,2,-99,3,2,-99,4,2,2,3,CRT |FL_18,CRT|FL_18,MoralDilemmaB|MoralDilemmaC|MoralDilemmaA 
12/4/23 23:19,12/4/23 23:33,0,100,801,1,12/4/23 23:33,EN,2,-99,-99,10,10,12,12,8,8,25,25,2,1,2,1,2,1,4,23,1,-99,6,2,-99,4,1,2,4,FL_18|CRT ,FL_18|CRT,MoralDilemmaB|MoralDilemmaA |MoralDilemmaC
12/4/23 23:26,12/4/23 23:33,0,100,416,1,12/4/23 23:33,EN,2,2,2,50,50,12,12,7,7,13,13,1,5,2,1,1,5,4,22,1,-99,3,2,-99,4,2,2,8,FL_18|CRT ,FL_18|CRT,MoralDilemmaB|MoralDilemmaA |MoralDilemmaC
12/4/23 23:26,12/4/23 23:33,0,100,402,1,12/4/23 23:33,EN,2,7,7,50,50,12,12,7,7,13,13,1,4,2,1,2,2,4,24,2,-99,6,4,-99,4,1,2,4,FL_18|CRT ,FL_18|CRT,MoralDilemmaB|MoralDilemmaA |MoralDilemmaC
12/4/23 23:26,12/4/23 23:33,0,100,407,1,12/4/23 23:33,EN,2,Two,2,Ten,10,Twelve,12,Eight,8,Thirteen,13,1,4,2,1,2,1,4,48,2,-99,6,1,-99,5,2,2,3,CRT |FL_18,CRT|FL_18,MoralDilemmaB|MoralDilemmaC|MoralDilemmaA 
12/4/23 23:20,12/4/23 23:33,0,100,736,1,12/4/23 23:33,EN,2,Two,2,50,50,12,12,8,8,13,13,2,1,2,1,2,1,4,41,2,-99,3,2,-99,3,1,1,3,CRT |FL_18,CRT|FL_18,MoralDilemmaA |MoralDilemmaB|MoralDilemmaC
12/4/23 23:24,12/4/23 23:33,0,100,507,1,12/4/23 23:33,EN,2,7876,7876,50,50,1,1,7,7,52,52,2,1,1,2,1,6,2,37,2,-99,1,2,-99,4,2,2,10,CRT |FL_18,CRT|FL_18,MoralDilemmaC|MoralDilemmaA |MoralDilemmaB
12/4/23 23:26,12/4/23 23:33,0,100,413,1,12/4/23 23:33,EN,2,6,6,50,50,1,1,7,7,13,13,1,4,2,1,2,1,4,23,2,-99,1,2,-99,4,3,3,3,CRT |FL_18,CRT|FL_18,MoralDilemmaC|MoralDilemmaB|MoralDilemmaA 
12/4/23 23:21,12/4/23 23:33,0,100,684,1,12/4/23 23:33,EN,2,0,0,10,10,12,12,15: 8 alive and 7 dead,8,25,25,1,4,1,4,2,4,4,24,1,-99,4,6,Hispanic,3,2,3,11,FL_18|CRT ,FL_18|CRT,MoralDilemmaB|MoralDilemmaA |MoralDilemmaC
12/4/23 23:25,12/4/23 23:33,0,100,451,1,12/4/23 23:33,EN,2,2,2,10,10,1,1,7,7,16,16,1,4,1,3,2,4,4,29,1,-99,3,1,-99,2,1,2,9,FL_18|CRT ,FL_18|CRT,MoralDilemmaA |MoralDilemmaB|MoralDilemmaC
12/4/23 23:25,12/4/23 23:33,0,100,497,1,12/4/23 23:33,EN,2,2,2,50,50,12,12,8,8,13,13,1,4,2,1,2,3,4,44,2,-99,1,1,-99,3,1,1,6,FL_18|CRT ,FL_18|CRT,MoralDilemmaB|MoralDilemmaC|MoralDilemmaA 
12/4/23 23:23,12/4/23 23:33,0,100,602,1,12/4/23 23:33,EN,2,2,2,50,50,12,12,7,7,13,13,2,4,2,2,2,1,4,27,2,-99,2,2,-99,4,1,1,3,FL_18|CRT ,FL_18|CRT,MoralDilemmaA |MoralDilemmaB|MoralDilemmaC
12/4/23 23:25,12/4/23 23:33,0,100,475,1,12/4/23 23:33,EN,2,Seven,7,10,10,1,1,8,8,25,25,1,5,2,1,2,2,3,60,2,-99,2,2,-99,4,1,1,6,FL_18|CRT ,FL_18|CRT,MoralDilemmaC|MoralDilemmaA |MoralDilemmaB
12/4/23 23:20,12/4/23 23:33,0,100,775,1,12/4/23 23:33,EN,2,0,0,50,50,1,1,7,7,13,13,1,4,2,2,2,1,4,23,2,-99,1,2,-99,4,3,2,4,CRT |FL_18,CRT|FL_18,MoralDilemmaC|MoralDilemmaA |MoralDilemmaB
12/4/23 23:25,12/4/23 23:33,0,100,463,1,12/4/23 23:33,EN,2,Two,2,5,5,12,12,7,7,52,52,1,4,2,3,2,4,4,31,2,-99,6,6,African,4,2,1,8,FL_18|CRT ,FL_18|CRT,MoralDilemmaA |MoralDilemmaC|MoralDilemmaB
12/4/23 23:25,12/4/23 23:33,0,100,466,1,12/4/23 23:33,EN,2,2,2,50,50,1,1,7,7,25,25,1,5,2,1,2,1,4,27,1,-99,6,6,Hispanic,4,1,2,4,CRT |FL_18,CRT|FL_18,MoralDilemmaB|MoralDilemmaC|MoralDilemmaA 
12/4/23 23:22,12/4/23 23:33,0,100,646,1,12/4/23 23:33,EN,2,none,0,fifty,50,12,12,8,8,13,13,1,4,2,1,2,1,4,28,2,-99,8,2,-99,4,1,1,4,FL_18|CRT ,FL_18|CRT,MoralDilemmaC|MoralDilemmaA |MoralDilemmaB
12/4/23 23:30,12/4/23 23:33,0,100,184,1,12/4/23 23:33,EN,2,Two,2,50,50,1,1,8,8,4,4,1,5,2,3,1,4,4,35,1,-99,4,1,-99,2,1,2,10,CRT |FL_18,CRT|FL_18,MoralDilemmaB|MoralDilemmaC|MoralDilemmaA 
12/4/23 23:26,12/4/23 23:33,0,100,452,1,12/4/23 23:33,EN,2,7,7,50,50,1,1,7,7,13,13,1,1,2,1,1,1,4,23,2,-99,1,2,-99,4,1,1,4,CRT |FL_18,CRT|FL_18,MoralDilemmaB|MoralDilemmaA |MoralDilemmaC
12/4/23 23:22,12/4/23 23:33,0,100,659,1,12/4/23 23:33,EN,2,0,0,10,10,1,1,8,8,13,13,2,1,2,1,2,1,4,22,2,-99,2,2,-99,4,2,2,3,FL_18|CRT ,FL_18|CRT,MoralDilemmaA |MoralDilemmaB|MoralDilemmaC
12/4/23 23:26,12/4/23 23:33,0,100,454,1,12/4/23 23:33,EN,2,2,2,50,50,1,1,7,7,13,13,1,4,2,1,2,1,4,26,2,-99,1,2,-99,4,2,1,3,CRT |FL_18,CRT|FL_18,MoralDilemmaB|MoralDilemmaC|MoralDilemmaA 
12/4/23 23:22,12/4/23 23:33,0,100,671,1,12/4/23 23:33,EN,2,16000,16000,50,50,2,2,7,7,13,13,2,1,2,1,2,1,3,29,1,-99,2,2,-99,3,2,2,2,CRT |FL_18,CRT|FL_18,MoralDilemmaA |MoralDilemmaC|MoralDilemmaB
12/4/23 23:26,12/4/23 23:33,0,100,430,1,12/4/23 23:33,EN,2,2,2,50,50,1,1,7,7,6.5,6.5,1,4,1,2,2,3,4,47,1,-99,2,1,-99,2,1,1,7,FL_18|CRT ,FL_18|CRT,MoralDilemmaB|MoralDilemmaA |MoralDilemmaC
12/4/23 23:19,12/4/23 23:33,0,100,835,1,12/4/23 23:33,EN,2,Zero,0,10,10,1,1,8,8,25,25,1,4,1,4,2,1,5,29,2,-99,6,4,-99,4,1,2,9,CRT |FL_18,CRT|FL_18,MoralDilemmaA |MoralDilemmaC|MoralDilemmaB
12/4/23 23:25,12/4/23 23:33,0,100,485,1,12/4/23 23:33,EN,2,2,2,50,50,12,12,7,7,26,26,1,3,2,1,1,3,4,29,1,-99,1,2,-99,4,1,1,6,FL_18|CRT ,FL_18|CRT,MoralDilemmaA |MoralDilemmaC|MoralDilemmaB
12/4/23 23:26,12/4/23 23:33,0,100,460,1,12/4/23 23:33,EN,2,300000,300000,50,50,1,1,8,8,51,51,2,4,2,1,2,1,4,22,2,-99,2,2,-99,4,1,1,3,FL_18|CRT ,FL_18|CRT,MoralDilemmaA |MoralDilemmaB|MoralDilemmaC
12/4/23 23:21,12/4/23 23:33,0,100,754,1,12/4/23 23:33,EN,2,0,2,50 minutes,50,February,1,7,7,7,7,2,4,2,1,2,4,4,30,1,-99,4,2,-99,5,1,1,5,FL_18|CRT ,FL_18|CRT,MoralDilemmaC|MoralDilemmaA |MoralDilemmaB
12/4/23 23:27,12/4/23 23:34,0,100,385,1,12/4/23 23:34,EN,2,none because it was Noah. Noah brought two of every kind of unclean animal and seven of every kind of clean animal onto the ark.,0,10 minutes,10,1 month,1,7 sheeps,7,25 jumps,25,2,1,2,1,2,1,4,20,2,-99,1,4,-99,3,3,3,2,CRT |FL_18,CRT|FL_18,MoralDilemmaB|MoralDilemmaA |MoralDilemmaC
12/4/23 23:25,12/4/23 23:34,0,100,511,1,12/4/23 23:34,EN,2,2,2,10,10,1,1,8,8,25,25,1,5,1,4,1,3,4,32,1,-99,3,1,-99,4,3,3,12,CRT |FL_18,CRT|FL_18,MoralDilemmaA |MoralDilemmaB|MoralDilemmaC
12/4/23 23:24,12/4/23 23:34,0,100,571,1,12/4/23 23:34,EN,2,2,2,10,10,1,1,7,7,7,7,2,1,2,1,2,1,4,33,2,-99,1,2,-99,5,2,1,2,FL_18|CRT ,FL_18|CRT,MoralDilemmaB|MoralDilemmaA |MoralDilemmaC
12/4/23 23:32,12/4/23 23:34,0,100,92,1,12/4/23 23:34,EN,2,2,2,50,50,1,1,7,7,13,13,1,6,1,7,2,1,4,22,2,-99,3,2,-99,4,1,1,10,CRT |FL_18,CRT|FL_18,MoralDilemmaA |MoralDilemmaB|MoralDilemmaC
12/4/23 23:26,12/4/23 23:34,0,100,501,1,12/4/23 23:34,EN,2,two,2,10,10,12,12,Eight,8,twenty five,25,2,1,2,1,2,1,4,22,1,-99,6,4,-99,4,2,1,2,FL_18|CRT ,FL_18|CRT,MoralDilemmaC|MoralDilemmaB|MoralDilemmaA 
12/4/23 23:26,12/4/23 23:34,0,100,480,1,12/4/23 23:34,EN,2,2,2,50,50,12,12,8,8,16,16,1,2,1,2,2,2,4,42,2,-99,3,1,-99,5,1,1,7,FL_18|CRT ,FL_18|CRT,MoralDilemmaC|MoralDilemmaB|MoralDilemmaA 
12/4/23 23:25,12/4/23 23:34,0,100,557,1,12/4/23 23:34,EN,2,2,2,50,50,1,1,7,7,13,13,1,7,1,4,1,4,4,31,2,-99,2,2,-99,4,1,1,11,FL_18|CRT ,FL_18|CRT,MoralDilemmaB|MoralDilemmaC|MoralDilemmaA 
12/4/23 23:24,12/4/23 23:34,0,100,620,1,12/4/23 23:34,EN,2,7,7,10,10,1,1,7,7,13,13,1,4,1,4,2,3,4,24,2,-99,3,1,-99,5,3,2,9,CRT |FL_18,CRT|FL_18,MoralDilemmaB|MoralDilemmaC|MoralDilemmaA 
12/4/23 23:25,12/4/23 23:34,0,100,573,1,12/4/23 23:34,EN,2,-99,-99,50,50,12,12,7,7,13,13,1,2,2,1,1,2,4,22,2,-99,6,2,-99,4,1,2,5,CRT |FL_18,CRT|FL_18,MoralDilemmaC|MoralDilemmaA |MoralDilemmaB
12/4/23 23:26,12/4/23 23:34,0,100,510,1,12/4/23 23:34,EN,2,Two,2,50,50,1,1,7,7,3,3,2,2,2,4,2,1,2,28,2,-99,1,2,-99,4,1,1,5,FL_18|CRT ,FL_18|CRT,MoralDilemmaA |MoralDilemmaC|MoralDilemmaB
12/4/23 23:24,12/4/23 23:35,0,100,627,1,12/4/23 23:35,EN,2,0,0,10,10,1,1,8,8,25,25,1,5,1,5,1,5,4,25,3,Non-binary,3,1,-99,4,2,2,15,CRT |FL_18,CRT|FL_18,MoralDilemmaB|MoralDilemmaA |MoralDilemmaC
12/4/23 23:23,12/4/23 23:35,0,100,723,1,12/4/23 23:35,EN,2,0,0,50,50,12,12,8,8,15,15,1,1,2,1,2,1,4,26,1,-99,1,2,-99,4,2,1,4,FL_18|CRT ,FL_18|CRT,MoralDilemmaA |MoralDilemmaB|MoralDilemmaC
12/4/23 23:22,12/4/23 23:35,0,100,784,1,12/4/23 23:35,EN,2,2,2,10 minutes,10,1,1,5,5,25,25,2,3,2,1,2,2,4,22,2,-99,2,2,-99,3,1,2,4,FL_18|CRT ,FL_18|CRT,MoralDilemmaB|MoralDilemmaA |MoralDilemmaC
12/4/23 23:18,12/4/23 23:35,0,100,1037,1,12/4/23 23:35,EN,2,2,2,50,50,1,1,7,7,13,13,1,7,1,7,1,7,4,25,2,-99,1,2,-99,4,2,2,17,FL_18|CRT ,FL_18|CRT,MoralDilemmaB|MoralDilemmaC|MoralDilemmaA 
12/4/23 23:26,12/4/23 23:35,0,100,549,1,12/4/23 23:35,EN,2,2,2,50,50,Twelve,12,8,8,13,13,2,3,2,3,2,3,4,24,2,-99,2,6,Mexican,4,3,1,7,FL_18|CRT ,FL_18|CRT,MoralDilemmaA |MoralDilemmaC|MoralDilemmaB
12/4/23 23:25,12/4/23 23:35,0,100,628,1,12/4/23 23:35,EN,2,2,2,10,10,12,12,8,8,25,25,2,1,2,1,2,1,4,38,1,-99,2,6,mexican,5,2,2,4,CRT |FL_18,CRT|FL_18,MoralDilemmaC|MoralDilemmaB|MoralDilemmaA 
12/4/23 23:25,12/4/23 23:36,0,100,656,1,12/4/23 23:36,EN,2,7876,7876,50,50,1,1,7,7,13,13,1,4,2,1,2,1,4,32,2,-99,2,2,-99,5,1,1,3,CRT |FL_18,CRT|FL_18,MoralDilemmaC|MoralDilemmaA |MoralDilemmaB
12/4/23 23:21,12/4/23 23:36,0,100,853,1,12/4/23 23:36,EN,2,None,0,5 minutes,5,One,1,15,15,13 jumps,13,2,1,2,1,2,1,4,24,2,-99,3,2,-99,2,1,1,2,CRT |FL_18,CRT|FL_18,MoralDilemmaC|MoralDilemmaA |MoralDilemmaB
12/4/23 23:32,12/4/23 23:36,0,100,234,1,12/4/23 23:36,EN,2,2,2,50,50,1,1,7,7,13,13,1,1,1,1,1,3,4,30,2,-99,2,2,-99,4,1,1,7,FL_18|CRT ,FL_18|CRT,MoralDilemmaC|MoralDilemmaB|MoralDilemmaA 
12/4/23 23:26,12/4/23 23:36,0,100,559,1,12/4/23 23:36,EN,2,2,2,50 minutes,50,February,1,7,7,13,13,2,1,2,1,2,1,4,22,2,-99,2,2,-99,4,2,1,2,CRT |FL_18,CRT|FL_18,MoralDilemmaA |MoralDilemmaB|MoralDilemmaC
12/4/23 23:22,12/4/23 23:36,0,100,827,1,12/4/23 23:36,EN,2,"According to the Bible, Noah brought 9",9,10,10,12,12,8,8,25,25,2,3,2,1,2,2,4,24,1,-99,1,2,-99,4,2,2,5,CRT |FL_18,CRT|FL_18,MoralDilemmaA |MoralDilemmaB|MoralDilemmaC
12/4/23 23:23,12/4/23 23:36,0,100,751,1,12/4/23 23:36,EN,2,0,0,50,50,12,12,7,7,52,52,2,1,1,3,2,1,4,25,2,-99,1,2,-99,4,3,3,5,FL_18|CRT ,FL_18|CRT,MoralDilemmaC|MoralDilemmaA |MoralDilemmaB
12/4/23 23:25,12/4/23 23:36,0,100,640,1,12/4/23 23:36,EN,2,Every,1234,Fifty,50,Zero,0,Eight,8,Seven,7,1,5,2,3,1,5,5,21,1,-99,1,1,-99,2,2,2,10,FL_18|CRT ,FL_18|CRT,MoralDilemmaA |MoralDilemmaB|MoralDilemmaC
12/4/23 23:23,12/4/23 23:36,0,100,763,1,12/4/23 23:36,EN,2,"Moses did not put animals in the Ark, it was Noah",0,50 Minutes,50,1 month,1,0,0,13,13,1,4,1,3,2,1,4,25,1,-99,2,2,-99,4,2,2,6,FL_18|CRT ,FL_18|CRT,MoralDilemmaC|MoralDilemmaB|MoralDilemmaA 
12/4/23 23:21,12/4/23 23:36,0,100,905,1,12/4/23 23:36,EN,2,2,2,50,50,February,1,8,8,25,25,1,5,2,1,2,3,4,33,1,-99,2,2,-99,3,2,2,7,CRT |FL_18,CRT|FL_18,MoralDilemmaB|MoralDilemmaA |MoralDilemmaC
12/4/23 23:34,12/4/23 23:37,0,100,168,1,12/4/23 23:37,EN,2,2,2,50,50,1,1,7,7,7,7,2,2,2,1,2,2,4,30,1,-99,4,2,-99,5,2,2,3,FL_18|CRT ,FL_18|CRT,MoralDilemmaC|MoralDilemmaA |MoralDilemmaB
12/4/23 23:25,12/4/23 23:37,0,100,670,1,12/4/23 23:37,EN,2,0,0,50,50,12,12,15,15,32,32,2,2,2,1,2,2,4,22,2,-99,1,2,-99,3,1,1,3,CRT |FL_18,CRT|FL_18,MoralDilemmaA |MoralDilemmaB|MoralDilemmaC
12/4/23 23:33,12/4/23 23:37,0,100,249,1,12/4/23 23:37,EN,2,0,0,10,10,12,12,8,8,25,25,2,1,2,1,2,1,4,23,1,-99,6,2,-99,4,1,2,4,FL_18|CRT ,FL_18|CRT,MoralDilemmaC|MoralDilemmaA |MoralDilemmaB
12/4/23 23:31,12/4/23 23:37,0,100,372,1,12/4/23 23:37,EN,2,0,0,10,10,1,1,8,8,25,25,1,6,1,5,1,5,4,49,2,-99,7,4,-99,3,1,1,15,FL_18|CRT ,FL_18|CRT,MoralDilemmaB|MoralDilemmaA |MoralDilemmaC
12/4/23 23:22,12/4/23 23:37,0,100,874,1,12/4/23 23:37,EN,2,0 - None,0,50,50,February,1,7,7,13,13,2,1,2,1,2,1,3,28,1,-99,2,2,-99,4,2,2,2,CRT |FL_18,CRT|FL_18,MoralDilemmaC|MoralDilemmaB|MoralDilemmaA 
12/4/23 23:26,12/4/23 23:37,0,100,657,1,12/4/23 23:37,EN,2,16000,16000,10 minutes,10,1,1,7,7,13,13,1,1,2,1,1,1,4,26,1,-99,6,2,-99,4,2,1,4,FL_18|CRT ,FL_18|CRT,MoralDilemmaB|MoralDilemmaC|MoralDilemmaA 
12/4/23 23:26,12/4/23 23:37,0,100,668,1,12/4/23 23:37,EN,2,"2 of each kind, male and female",2,50,50,1,1,7,7,13,13,2,1,1,5,2,4,4,28,2,-99,1,2,-99,5,2,1,10,CRT |FL_18,CRT|FL_18,MoralDilemmaC|MoralDilemmaA |MoralDilemmaB
12/4/23 23:24,12/4/23 23:37,0,100,779,1,12/4/23 23:37,EN,2,2,2,50 minutes,50,1,1,7,7,13,13,2,1,2,1,2,1,4,28,1,-99,2,1,-99,3,1,2,2,FL_18|CRT ,FL_18|CRT,MoralDilemmaA |MoralDilemmaB|MoralDilemmaC
12/4/23 23:21,12/4/23 23:38,0,100,978,1,12/4/23 23:38,EN,2,16,16,50,50,1,1,8,8,13,13,1,5,2,4,1,2,4,29,2,-99,1,2,-99,2,1,2,9,CRT |FL_18,CRT|FL_18,MoralDilemmaB|MoralDilemmaC|MoralDilemmaA 
12/4/23 23:24,12/4/23 23:38,0,100,855,1,12/4/23 23:38,EN,2,0,0,500,500,1,1,7,7,26,26,1,1,2,1,1,1,4,19,2,-99,2,2,-99,2,2,1,4,CRT |FL_18,CRT|FL_18,MoralDilemmaB|MoralDilemmaC|MoralDilemmaA 
12/4/23 23:25,12/4/23 23:39,0,100,868,1,12/4/23 23:39,EN,2,2,2,50,50,12,12,7,7,13,13,1,1,2,1,2,1,4,24,2,-99,1,2,-99,4,1,1,3,FL_18|CRT ,FL_18|CRT,MoralDilemmaB|MoralDilemmaC|MoralDilemmaA 
12/4/23 23:19,12/4/23 23:39,0,100,1176,1,12/4/23 23:39,EN,2,2,2,50,50,1,1,7,7,5,5,2,2,2,2,2,3,4,34,2,-99,2,2,-99,4,1,1,5,CRT |FL_18,CRT|FL_18,MoralDilemmaC|MoralDilemmaB|MoralDilemmaA 
12/4/23 23:35,12/4/23 23:39,0,100,266,1,12/4/23 23:39,EN,2,2,2,10,10,all of them,12,8,8,25,25,1,6,1,5,1,6,4,33,2,-99,8,1,-99,3,3,3,16,FL_18|CRT ,FL_18|CRT,MoralDilemmaB|MoralDilemmaA |MoralDilemmaC
12/4/23 23:15,12/4/23 23:39,0,100,1425,1,12/4/23 23:39,EN,2,2,2,10,10,1,1,8,8,25,25,1,3,1,1,2,3,4,21,1,-99,9,6,Latino,3,2,3,8,CRT |FL_18,CRT|FL_18,MoralDilemmaC|MoralDilemmaB|MoralDilemmaA 
12/4/23 23:37,12/4/23 23:40,0,100,134,1,12/4/23 23:40,EN,2,16000,16000,10,10,1,1,7,7,13,13,1,1,2,1,1,1,4,26,1,-99,6,2,-99,4,2,1,4,CRT |FL_18,CRT|FL_18,MoralDilemmaA |MoralDilemmaC|MoralDilemmaB
12/4/23 23:24,12/4/23 23:40,0,100,917,1,12/4/23 23:40,EN,2,2,2,10,10,1,1,8,8,12,12,2,3,2,1,2,3,4,28,3,-99,2,2,-99,3,2,1,5,FL_18|CRT ,FL_18|CRT,MoralDilemmaA |MoralDilemmaB|MoralDilemmaC
12/4/23 23:24,12/4/23 23:40,0,100,955,1,12/4/23 23:40,EN,2,"It was not Moses but Noah, Noah put 7 each off the clean animals and 2 each of all the other animals",1234,50,50,1,1,8,8,13,13,2,1,2,1,1,3,4,24,2,-99,1,2,-99,4,2,1,6,CRT |FL_18,CRT|FL_18,MoralDilemmaB|MoralDilemmaA |MoralDilemmaC
12/4/23 23:20,12/4/23 23:40,0,100,1186,1,12/4/23 23:40,EN,2,100,100,10,10,1,1,7,7,13,13,1,6,2,4,1,5,4,23,1,-99,5,1,-99,4,1,2,11,FL_18|CRT ,FL_18|CRT,MoralDilemmaB|MoralDilemmaC|MoralDilemmaA 
12/4/23 23:23,12/4/23 23:40,0,100,1040,1,12/4/23 23:40,EN,2,2,2,10,10,12,12,8,8,25,25,1,4,2,1,2,1,4,26,1,-99,3,1,-99,5,2,3,5,CRT |FL_18,CRT|FL_18,MoralDilemmaC|MoralDilemmaB|MoralDilemmaA 
12/4/23 23:25,12/4/23 23:40,0,100,918,1,12/4/23 23:40,EN,2,2,2,50,50,12,12,7,7,25,25,1,5,1,5,1,4,4,25,1,-99,1,2,-99,4,2,2,13,CRT |FL_18,CRT|FL_18,MoralDilemmaC|MoralDilemmaA |MoralDilemmaB
12/4/23 23:27,12/4/23 23:41,0,100,839,1,12/4/23 23:41,EN,2,2,2,10,10,12,12,7,7,7,7,1,4,2,2,2,3,4,27,2,-99,1,1,-99,2,2,1,6,FL_18|CRT ,FL_18|CRT,MoralDilemmaA |MoralDilemmaC|MoralDilemmaB
12/4/23 23:26,12/4/23 23:42,0,100,942,1,12/4/23 23:42,EN,2,0,0,10,10,12,12,7,7,13,13,1,3,2,2,2,1,4,34,1,-99,3,6,Indian,4,1,1,4,FL_18|CRT ,FL_18|CRT,MoralDilemmaB|MoralDilemmaC|MoralDilemmaA 
12/4/23 23:23,12/4/23 23:42,0,100,1197,1,12/4/23 23:43,EN,2,2,2,50,50,1,1,8,8,13,13,1,4,2,1,2,3,4,26,1,-99,1,2,-99,2,2,3,6,FL_18|CRT ,FL_18|CRT,MoralDilemmaB|MoralDilemmaC|MoralDilemmaA 
12/4/23 23:24,12/4/23 23:43,0,100,1148,1,12/4/23 23:43,EN,2,2,2,50,50,12,12,7,7,13,13,1,5,2,1,2,3,2,30,1,-99,1,2,-99,4,2,2,5,FL_18|CRT ,FL_18|CRT,MoralDilemmaB|MoralDilemmaC|MoralDilemmaA 
12/4/23 23:23,12/4/23 23:43,0,100,1213,1,12/4/23 23:43,EN,2,7000,7000,50 minutes,50,1,1,7,7,52,52,2,1,2,1,1,4,4,30,2,-99,2,-99,-99,4,2,2,6,CRT |FL_18,CRT|FL_18,MoralDilemmaC|MoralDilemmaB|MoralDilemmaA 
12/4/23 23:35,12/4/23 23:43,0,100,484,1,12/4/23 23:43,EN,2,2,2,10,10,1,1,7,7,12.5,12.5,1,4,2,1,2,1,4,33,1,-99,2,2,-99,4,2,1,3,CRT |FL_18,CRT|FL_18,MoralDilemmaA |MoralDilemmaC|MoralDilemmaB
12/4/23 23:25,12/4/23 23:44,0,100,1137,1,12/4/23 23:44,EN,2,Tw,2,10,10,12,12,8,8,25,25,1,6,2,4,1,5,4,41,2,-99,3,2,-99,4,1,2,13,CRT |FL_18,CRT|FL_18,MoralDilemmaB|MoralDilemmaA |MoralDilemmaC
12/4/23 23:42,12/4/23 23:44,0,100,97,1,12/4/23 23:44,EN,2,0,0,10,10,12,12,7,7,13,13,1,3,2,2,2,1,4,34,1,-99,3,6,Indian,4,1,1,4,FL_18|CRT ,FL_18|CRT,MoralDilemmaA |MoralDilemmaB|MoralDilemmaC
12/4/23 23:16,12/4/23 23:44,0,100,1683,1,12/4/23 23:44,EN,2,7000,7000,50,50,1,1,8,8,52,52,2,2,2,2,2,2,2,27,2,-99,3,2,-99,4,-99,1,5,FL_18|CRT ,FL_18|CRT,MoralDilemmaB|MoralDilemmaA |MoralDilemmaC
12/4/23 23:25,12/4/23 23:46,0,100,1283,1,12/4/23 23:46,EN,2,2,2,50,50,1,1,7,7,26,26,1,5,2,4,2,5,4,32,2,-99,3,2,-99,4,1,1,10,CRT |FL_18,CRT|FL_18,MoralDilemmaB|MoralDilemmaA |MoralDilemmaC
12/4/23 23:24,12/4/23 23:46,0,100,1336,1,12/4/23 23:46,EN,2,2,2,50,50,12,12,7,7,676,676,1,5,2,3,2,2,4,26,2,-99,7,2,-99,4,1,1,6,FL_18|CRT ,FL_18|CRT,MoralDilemmaC|MoralDilemmaB|MoralDilemmaA 
12/4/23 23:23,12/4/23 23:48,0,100,1502,1,12/4/23 23:48,EN,2,Two,2,10,10,1,1,8,8,25,25,1,5,1,3,1,5,4,44,1,-99,1,6,-99,4,2,2,13,FL_18|CRT ,FL_18|CRT,MoralDilemmaC|MoralDilemmaA |MoralDilemmaB
12/4/23 23:25,12/4/23 23:48,0,100,1383,1,12/4/23 23:48,EN,2,two,2,50,50,one,1,8,8,13,13,2,1,2,1,2,1,4,25,1,-99,9,2,-99,4,1,1,3,CRT |FL_18,CRT|FL_18,MoralDilemmaA |MoralDilemmaC|MoralDilemmaB
12/4/23 23:25,12/4/23 23:49,0,100,1404,1,12/4/23 23:49,EN,2,10000,10000,50,50,1,1,8,8,6,6,1,6,2,4,1,4,4,38,2,-99,7,2,-99,4,1,2,11,FL_18|CRT ,FL_18|CRT,MoralDilemmaB|MoralDilemmaC|MoralDilemmaA 
12/4/23 23:27,12/4/23 23:50,0,100,1405,1,12/4/23 23:50,EN,2,2,2,50,50,12,12,7,7,13,13,1,1,2,1,1,3,4,29,2,-99,1,2,-99,3,3,2,6,CRT |FL_18,CRT|FL_18,MoralDilemmaC|MoralDilemmaA |MoralDilemmaB
12/4/23 23:40,12/4/23 23:51,0,100,664,1,12/4/23 23:51,EN,2,2,2,50,50,1,1,7,7,5,5,2,2,2,1,2,2,4,34,2,-99,2,2,-99,4,3,3,3,FL_18|CRT ,FL_18|CRT,MoralDilemmaA |MoralDilemmaB|MoralDilemmaC
12/4/23 23:41,12/4/23 23:51,0,100,577,1,12/4/23 23:51,EN,2,2,2,10,10,1,1,8,8,13,13,2,4,2,6,2,2,4,27,2,-99,2,2,-99,4,1,1,9,CRT |FL_18,CRT|FL_18,MoralDilemmaB|MoralDilemmaC|MoralDilemmaA 
12/4/23 23:24,12/4/23 23:51,0,100,1651,1,12/4/23 23:51,EN,2,zero,0,10,10,"all months, only february has exactly 28 days",12,8,8,25,25,1,2,1,1,2,1,4,26,2,-99,2,6,hispanic,2,1,2,6,CRT |FL_18,CRT|FL_18,MoralDilemmaC|MoralDilemmaA |MoralDilemmaB
12/4/23 23:23,12/4/23 23:59,0,100,2147,1,12/4/23 23:59,EN,2,Eight,8,Fifty,50,Four,4,Seven,7,Thirteen,13,1,3,2,2,2,3,4,24,2,-99,1,"1,6",Latina,4,1,2,6,FL_18|CRT ,FL_18|CRT,MoralDilemmaB|MoralDilemmaC|MoralDilemmaA 
12/5/23 0:00,12/5/23 0:04,0,100,235,1,12/5/23 0:04,EN,2,2,2,10,10,12,12,8,8,25,25,1,5,2,3,1,5,4,38,1,-99,6,1,-99,4,2,1,12,FL_18|CRT ,FL_18|CRT,MoralDilemmaC|MoralDilemmaB|MoralDilemmaA 
12/5/23 0:00,12/5/23 0:05,0,100,297,1,12/5/23 0:05,EN,2,two,2,fifty,50,one,1,eight,8,25,25,1,4,2,2,2,2,4,39,1,-99,8,1,-99,6,2,2,6,FL_18|CRT ,FL_18|CRT,MoralDilemmaA |MoralDilemmaC|MoralDilemmaB
12/5/23 0:00,12/5/23 0:06,0,100,345,1,12/5/23 0:06,EN,2,"no animals, the ark was Noah's",0,10 minutes,10,all months have 28 days (some even more),12,8,8,25,25,1,5,2,1,2,3,4,47,1,-99,4,1,-99,2,2,2,7,CRT |FL_18,CRT|FL_18,MoralDilemmaA |MoralDilemmaC|MoralDilemmaB
12/5/23 0:00,12/5/23 0:08,0,100,439,1,12/5/23 0:08,EN,2,2,2,10,10,12,12,8,8,25,25,1,5,1,3,1,4,4,39,1,-99,3,1,-99,3,1,2,12,CRT |FL_18,CRT|FL_18,MoralDilemmaC|MoralDilemmaB|MoralDilemmaA 
12/5/23 0:01,12/5/23 0:08,0,100,458,1,12/5/23 0:08,EN,2,Two,2,10,10,One month,1,8,8,18,18,1,3,1,1,1,2,4,32,1,-99,3,1,-99,2,2,2,7,CRT |FL_18,CRT|FL_18,MoralDilemmaA |MoralDilemmaB|MoralDilemmaC
12/4/23 23:19,12/5/23 2:29,0,100,11388,1,12/5/23 2:29,EN,2,Two of each,2,5,5,1,1,7,7,13,13,1,5,1,5,2,4,4,33,2,-99,4,1,-99,5,2,3,11,CRT |FL_18,CRT|FL_18,MoralDilemmaC|MoralDilemmaB|MoralDilemmaA 
12/4/23 23:14,12/5/23 7:12,0,100,28684,1,12/5/23 7:12,EN,2,500,5000,50,50,3,30,",8",8,13,13,2,2,2,2,2,2,4,22,1,-99,2,1,-99,2,1,2,4,CRT |FL_18,CRT|FL_18,MoralDilemmaA |MoralDilemmaB|MoralDilemmaC